Focal,Plot,Pos,Tr,Competitor,Seeds,Neighbors,S_nbs,B_nbs,P_nbs,C_nbs,N_nbs,S,B,P,C,N,S_predict,B_predict,P_predict,C_predict,N_predict
S,42,2,C,B,6922,4,0,4,0,0,0,0,8,0,0,0,0,14.436,0,0,0
S,42,9,H,B,5808,18,0,18,0,0,0,0,8,0,0,0,0,14.436,0,0,0
S,46,3,C,B,3538,2,0,2,0,0,0,0,2,0,0,0,0,3.609,0,0,0
S,46,8,H,B,26718,1,0,1,0,0,0,0,2,0,0,0,0,3.609,0,0,0
S,51,5,H,B,29145,0,0,0,0,0,0,0,1,0,0,0,0,1.8045,0,0,0
S,51,9,C,B,11612,0,0,0,0,0,0,0,1,0,0,0,0,1.8045,0,0,0
S,55,2,C,B,9048,8,0,8,0,0,0,0,1.5,0,0,0,0,2.70675,0,0,0
S,55,7,H,B,15773,2,0,2,0,0,0,0,1.5,0,0,0,0,2.70675,0,0,0
S,60,2,H,B,17914,6,0,6,0,0,0,0,2,0,0,0,0,3.609,0,0,0
S,60,10,C,B,7983,3,0,3,0,0,0,0,2,0,0,0,0,3.609,0,0,0
S,63,3,H,B,19443,7,0,7,0,0,0,0,3.5,0,0,0,0,6.31575,0,0,0
S,63,6,C,B,1559,2,0,2,0,0,0,0,3.5,0,0,0,0,6.31575,0,0,0
S,75,1,H,B,13005,1,0,1,0,0,0,0,1,0,0,0,0,1.8045,0,0,0
S,75,9,C,B,8408,4,0,4,0,0,0,0,1,0,0,0,0,1.8045,0,0,0
S,78,1,C,B,3932,1,0,1,0,0,0,0,1,0,0,0,0,1.8045,0,0,0
S,78,7,H,B,20865,0,0,0,0,0,0,0,1,0,0,0,0,1.8045,0,0,0
S,89,2,H,B,11866,2,0,2,0,0,0,0,3.5,0,0,0,0,6.31575,0,0,0
S,89,7,C,B,1586,2,0,2,0,0,0,0,3.5,0,0,0,0,6.31575,0,0,0
S,93,8,C,B,1296,1,0,1,0,0,0,0,1.5,0,0,0,0,2.70675,0,0,0
S,104,1,C,B,8249,9,0,9,0,0,0,0,3.5,0,0,0,0,6.31575,0,0,0
S,104,8,H,B,10311,3,0,3,0,0,0,0,3.5,0,0,0,0,6.31575,0,0,0
S,107,2,H,B,14427,6,0,6,0,0,0,0,2,0,0,0,0,3.609,0,0,0
S,107,8,C,B,4536,3,0,3,0,0,0,0,2,0,0,0,0,3.609,0,0,0
S,111,3,H,B,11474,2,0,2,0,0,0,0,1.5,0,0,0,0,2.70675,0,0,0
S,111,8,C,B,7140,6,0,6,0,0,0,0,1.5,0,0,0,0,2.70675,0,0,0
S,114,1,C,B,136,20,0,20,0,0,0,0,8,0,0,0,0,14.436,0,0,0
S,114,8,H,B,1038,20,0,20,0,0,0,0,8,0,0,0,0,14.436,0,0,0
S,115,1,C,B,0,18,0,18,0,0,0,0,8,0,0,0,0,14.436,0,0,0
S,115,10,H,B,279,12,0,12,0,0,0,0,8,0,0,0,0,14.436,0,0,0
S,41,2,H,C,11008,4,0,0,0,4,0,0,0,0,4,0,0,0,0,5.9636,0
S,41,7,C,C,893,5,0,0,0,5,0,0,0,0,4,0,0,0,0,5.9636,0
S,58,4,C,C,191,8,0,0,0,8,0,0,0,0,8,0,0,0,0,11.9272,0
S,58,8,H,C,7996,12,0,0,0,12,0,0,0,0,8,0,0,0,0,11.9272,0
S,61,3,H,C,2463,16,0,0,0,16,0,0,0,0,10,0,0,0,0,14.909,0
S,61,7,C,C,792,6,0,0,0,6,0,0,0,0,10,0,0,0,0,14.909,0
S,65,4,C,C,982,13,0,0,0,13,0,0,0,0,10,0,0,0,0,14.909,0
S,65,6,H,C,1111,10,0,0,0,10,0,0,0,0,10,0,0,0,0,14.909,0
S,69,4,C,C,680,7,0,0,0,7,0,0,0,0,4,0,0,0,0,5.9636,0
S,69,10,H,C,6692,5,0,0,0,5,0,0,0,0,4,0,0,0,0,5.9636,0
S,77,5,H,C,4989,2,0,0,0,2,0,0,0,0,4,0,0,0,0,5.9636,0
S,77,10,C,C,1542,2,0,0,0,2,0,0,0,0,4,0,0,0,0,5.9636,0
S,80,1,H,C,15128,5,0,0,0,5,0,0,0,0,8,0,0,0,0,11.9272,0
S,80,7,C,C,598,1,0,0,0,1,0,0,0,0,8,0,0,0,0,11.9272,0
S,87,4,C,C,205,17,0,0,0,17,0,0,0,0,8,0,0,0,0,11.9272,0
S,87,6,H,C,1524,13,0,0,0,13,0,0,0,0,8,0,0,0,0,11.9272,0
S,96,4,H,C,1416,16,0,0,0,16,0,0,0,0,6,0,0,0,0,8.9454,0
S,96,9L,C,C,371,15,0,0,0,15,0,0,0,0,6,0,0,0,0,8.9454,0
S,96,9R,C,C,252,15,0,0,0,15,0,0,0,0,6,0,0,0,0,8.9454,0
S,98,5,C,C,2584,3,0,0,0,3,0,0,0,0,2,0,0,0,0,2.9818,0
S,98,10,H,C,9027,9,0,0,0,9,0,0,0,0,2,0,0,0,0,2.9818,0
S,103,1,H,C,3003,41,0,0,0,41,0,0,0,0,6,0,0,0,0,8.9454,0
S,105,5,C,C,2400,6,0,0,0,6,0,0,0,0,6,0,0,0,0,8.9454,0
S,105,6,H,C,4469,7,0,0,0,7,0,0,0,0,6,0,0,0,0,8.9454,0
S,113,5,C,C,3806,1,0,0,0,1,0,0,0,0,2,0,0,0,0,2.9818,0
S,113,7,H,C,13580,1,0,0,0,1,0,0,0,0,2,0,0,0,0,2.9818,0
S,118,9,C,C,3435,3,0,0,0,3,0,0,0,0,2,0,0,0,0,2.9818,0
S,120,5,C,C,2440,9,0,0,0,9,0,0,0,0,10,0,0,0,0,14.909,0
S,120,7,H,C,441,24,0,0,0,24,0,0,0,0,10,0,0,0,0,14.909,0
S,45,4,H,Focals,30820,0,0,0,0,0,0,0,0,0,0,0,0,0,0,0,0
S,45,10,C,Focals,41694,0,0,0,0,0,0,0,0,0,0,0,0,0,0,0,0
S,53,4,H,Focals,65231,0,0,0,0,0,0,0,0,0,0,0,0,0,0,0,0
S,53,10,C,Focals,33567,0,0,0,0,0,0,0,0,0,0,0,0,0,0,0,0
S,67,3,C,Focals,33177,0,0,0,0,0,0,0,0,0,0,0,0,0,0,0,0
S,67,6,H,Focals,34963,0,0,0,0,0,0,0,0,0,0,0,0,0,0,0,0
S,86,4,H,Focals,33461,0,0,0,0,0,0,0,0,0,0,0,0,0,0,0,0
S,86,10,C,Focals,30981,0,0,0,0,0,0,0,0,0,0,0,0,0,0,0,0
S,101,4,H,Focals,26505,0,0,0,0,0,0,0,0,0,0,0,0,0,0,0,0
S,101,6,C,Focals,45150,0,0,0,0,0,0,0,0,0,0,0,0,0,0,0,0
S,43,1,H,N,28742,9,0,0,0,0,9,0,0,0,0,7.5,0,0,0,0,10.52175
S,43,7,C,N,24817,7,0,0,0,0,7,0,0,0,0,7.5,0,0,0,0,10.52175
S,47,5,H,N,30177,15,0,0,0,0,15,0,0,0,0,7.5,0,0,0,0,10.52175
S,47,9,C,N,12770,19,0,0,0,0,19,0,0,0,0,7.5,0,0,0,0,10.52175
S,52,3,C,N,21550,13,0,0,0,0,13,0,0,0,0,5.5,0,0,0,0,7.71595
S,52,6,H,N,31572,10,0,0,0,0,10,0,0,0,0,5.5,0,0,0,0,7.71595
S,54,1,C,N,32338,5,0,0,0,0,5,0,0,0,0,2,0,0,0,0,2.8058
S,56,1,C,N,33975,1,0,0,0,0,1,0,0,0,0,5.5,0,0,0,0,7.71595
S,56,10,H,N,35814,4,0,0,0,0,4,0,0,0,0,5.5,0,0,0,0,7.71595
S,64,2,H,N,23838,4,0,0,0,0,4,0,0,0,0,2,0,0,0,0,2.8058
S,64,10,C,N,16743,14,0,0,0,0,14,0,0,0,0,2,0,0,0,0,2.8058
S,68,5,H,N,15274,1,0,0,0,0,1,0,0,0,0,5.5,0,0,0,0,7.71595
S,68,6,C,N,15724,3,0,0,0,0,3,0,0,0,0,5.5,0,0,0,0,7.71595
S,73,3,H,N,7935,36,0,0,0,0,36,0,0,0,0,9.5,0,0,0,0,13.32755
S,73,7,C,N,3455,6,0,0,0,0,6,0,0,0,0,9.5,0,0,0,0,13.32755
S,82,3,H,N,12557,8,0,0,0,0,8,0,0,0,0,9.5,0,0,0,0,13.32755
S,82,10,C,N,12597,4,0,0,0,0,4,0,0,0,0,9.5,0,0,0,0,13.32755
S,84,5,C,N,21470,4,0,0,0,0,4,0,0,0,0,4,0,0,0,0,5.6116
S,84,6,H,N,26359,3,0,0,0,0,3,0,0,0,0,4,0,0,0,0,5.6116
S,91,3,H,N,9709,5,0,0,0,0,5,0,0,0,0,4,0,0,0,0,5.6116
S,91,8,C,N,16374,6,0,0,0,0,6,0,0,0,0,4,0,0,0,0,5.6116
S,99,4,C,N,15261,11,0,0,0,0,11,0,0,0,0,9.5,0,0,0,0,13.32755
S,99,9,H,N,25507,10,0,0,0,0,10,0,0,0,0,9.5,0,0,0,0,13.32755
S,110,4,H,N,28072,9,0,0,0,0,9,0,0,0,0,2,0,0,0,0,2.8058
S,110,9,C,N,27542,0,0,0,0,0,0,0,0,0,0,2,0,0,0,0,2.8058
S,117,4,H,N,17860,5,0,0,0,0,5,0,0,0,0,4,0,0,0,0,5.6116
S,117,10,C,N,340,9,0,0,0,0,9,0,0,0,0,4,0,0,0,0,5.6116
S,119,3,C,N,10761,18,0,0,0,0,18,0,0,0,0,7.5,0,0,0,0,10.52175
S,119,6,H,N,12220,8,0,0,0,0,8,0,0,0,0,7.5,0,0,0,0,10.52175
S,44,3,H,P,228,152,0,0,152,0,0,0,0,12,0,0,0,0,50,0,0
S,44,7,C,P,568,80,0,0,80,0,0,0,0,12,0,0,0,0,50,0,0
S,49,5,C,P,670,133,0,0,133,0,0,0,0,16,0,0,0,0,100,0,0
S,49,8,H,P,1385,199,0,0,199,0,0,0,0,16,0,0,0,0,100,0,0
S,59,2,H,P,4014,25,0,0,25,0,0,0,0,6,0,0,0,0,10,0,0
S,59,7,C,P,2891,51,0,0,51,0,0,0,0,6,0,0,0,0,10,0,0
S,66,5,H,P,145,112,0,0,112,0,0,0,0,16,0,0,0,0,100,0,0
S,66,10,C,P,586,119,0,0,119,0,0,0,0,16,0,0,0,0,100,0,0
S,71,2,C,P,109,56,0,0,56,0,0,0,0,8,0,0,0,0,20,0,0
S,71,10,H,P,90,106,0,0,106,0,0,0,0,8,0,0,0,0,20,0,0
S,76,5,C,P,398,136,0,0,136,0,0,0,0,16,0,0,0,0,100,0,0
S,76,9,H,P,95,204,0,0,204,0,0,0,0,16,0,0,0,0,100,0,0
S,81,2,C,P,87,76,0,0,76,0,0,0,0,8,0,0,0,0,20,0,0
S,81,9,H,P,59,59,0,0,59,0,0,0,0,8,0,0,0,0,20,0,0
S,83,2,H,P,765,55,0,0,55,0,0,0,0,6,0,0,0,0,10,0,0
S,83,8,C,P,649,51,0,0,51,0,0,0,0,6,0,0,0,0,10,0,0
S,85,3,C,P,38,322,0,0,322,0,0,0,0,12,0,0,0,0,50,0,0
S,85,7,H,P,733,144,0,0,144,0,0,0,0,12,0,0,0,0,50,0,0
S,88,5,H,P,6830,38,0,0,38,0,0,0,0,4,0,0,0,0,5,0,0
S,88,10,C,P,5589,19,0,0,19,0,0,0,0,4,0,0,0,0,5,0,0
S,95,5,C,P,5017,57,0,0,57,0,0,0,0,4,0,0,0,0,5,0,0
S,95,6,H,P,4983,29,0,0,29,0,0,0,0,4,0,0,0,0,5,0,0
S,97,1,H,P,109,162,0,0,162,0,0,0,0,12,0,0,0,0,50,0,0
S,97,8,C,P,85,256,0,0,256,0,0,0,0,12,0,0,0,0,50,0,0
S,100,1,C,P,609,106,0,0,106,0,0,0,0,8,0,0,0,0,20,0,0
S,100,7,H,P,528,61,0,0,61,0,0,0,0,8,0,0,0,0,20,0,0
S,102,4,C,P,256,15,0,0,15,0,0,0,0,6,0,0,0,0,10,0,0
S,102,6,H,P,1196,43,0,0,43,0,0,0,0,6,0,0,0,0,10,0,0
S,112,2,C,P,5728,36,0,0,36,0,0,0,0,4,0,0,0,0,5,0,0
S,112,10,H,P,6849,20,0,0,20,0,0,0,0,4,0,0,0,0,5,0,0
S,48,4,H,S,6385,14,14,0,0,0,0,8,0,0,0,0,19.6112,0,0,0,0
S,48,6,C,S,995,11,11,0,0,0,0,8,0,0,0,0,19.6112,0,0,0,0
S,50,2,H,S,896,24,24,0,0,0,0,20,0,0,0,0,49.028,0,0,0,0
S,50,6,C,S,308,51,51,0,0,0,0,20,0,0,0,0,49.028,0,0,0,0
S,57,5,H,S,135,59,59,0,0,0,0,20,0,0,0,0,49.028,0,0,0,0
S,57,10,C,S,278,42,42,0,0,0,0,20,0,0,0,0,49.028,0,0,0,0
S,62,2,H,S,1032,59,59,0,0,0,0,8,0,0,0,0,19.6112,0,0,0,0
S,62,8,C,S,1171,17,17,0,0,0,0,8,0,0,0,0,19.6112,0,0,0,0
S,70,5,H,S,7824,12,12,0,0,0,0,4,0,0,0,0,9.8056,0,0,0,0
S,70,9,C,S,1232,26,26,0,0,0,0,4,0,0,0,0,9.8056,0,0,0,0
S,72,1,C,S,835,42,42,0,0,0,0,12,0,0,0,0,29.4168,0,0,0,0
S,72,6,H,S,148,60,60,0,0,0,0,12,0,0,0,0,29.4168,0,0,0,0
S,74,4,C,S,918,25,25,0,0,0,0,16,0,0,0,0,39.2224,0,0,0,0
S,74,10,H,S,217,32,32,0,0,0,0,16,0,0,0,0,39.2224,0,0,0,0
S,79,3,C,S,169,48,48,0,0,0,0,16,0,0,0,0,39.2224,0,0,0,0
S,79,6,H,S,787,34,34,0,0,0,0,16,0,0,0,0,39.2224,0,0,0,0
S,90,5,C,S,316,50,50,0,0,0,0,16,0,0,0,0,39.2224,0,0,0,0
S,90,8,H,S,164,28,28,0,0,0,0,16,0,0,0,0,39.2224,0,0,0,0
S,92,3,H,S,3277,18,18,0,0,0,0,8,0,0,0,0,19.6112,0,0,0,0
S,92,10,C,S,1349,18,18,0,0,0,0,8,0,0,0,0,19.6112,0,0,0,0
S,94,2,C,S,395,48,48,0,0,0,0,20,0,0,0,0,49.028,0,0,0,0
S,94,9,H,S,213,53,53,0,0,0,0,20,0,0,0,0,49.028,0,0,0,0
S,106,3,C,S,1065,20,20,0,0,0,0,12,0,0,0,0,29.4168,0,0,0,0
S,106,7,H,S,1379,26,26,0,0,0,0,12,0,0,0,0,29.4168,0,0,0,0
S,108,1,C,S,871,4,4,0,0,0,0,4,0,0,0,0,9.8056,0,0,0,0
S,108,9,H,S,10287,44,44,0,0,0,0,4,0,0,0,0,9.8056,0,0,0,0
S,109,5,H,S,422,26,26,0,0,0,0,12,0,0,0,0,29.4168,0,0,0,0
S,109,7,C,S,218,27,27,0,0,0,0,12,0,0,0,0,29.4168,0,0,0,0
S,116,2,C,S,104,10,10,0,0,0,0,4,0,0,0,0,9.8056,0,0,0,0
B,42,4,C,B,1250,4,0,4,0,0,0,0,7.95,0,0,0,0,7.70673,0,0,0
B,42,8,H,B,761,5,0,5,0,0,0,0,7.95,0,0,0,0,7.70673,0,0,0
B,46,4,C,B,2010,4,0,4,0,0,0,0,2,0,0,0,0,1.9388,0,0,0
B,46,9,H,B,2694,1,0,1,0,0,0,0,2,0,0,0,0,1.9388,0,0,0
B,51,7,H,B,2430,1,0,1,0,0,0,0,1,0,0,0,0,0.9694,0,0,0
B,51,10,C,B,4742,2,0,2,0,0,0,0,1,0,0,0,0,0.9694,0,0,0
B,55,3,H,B,1692,2,0,2,0,0,0,0,1.5,0,0,0,0,1.4541,0,0,0
B,55,6,C,B,386,13,0,13,0,0,0,0,1.5,0,0,0,0,1.4541,0,0,0
B,60,3,H,B,346,0,0,0,0,0,0,0,2,0,0,0,0,1.9388,0,0,0
B,60,6,C,B,634,3,0,3,0,0,0,0,2,0,0,0,0,1.9388,0,0,0
B,63,5,H,B,434,1,0,1,0,0,0,0,2,0,0,0,0,1.9388,0,0,0
B,63,7,C,B,3983,0,0,0,0,0,0,0,3.5,0,0,0,0,3.3929,0,0,0
B,75,3,C,B,1333,4,0,4,0,0,0,0,3.5,0,0,0,0,3.3929,0,0,0
B,75,10,H,B,4344,0,0,0,0,0,0,0,1,0,0,0,0,0.9694,0,0,0
B,78,2,C,B,898,2,0,2,0,0,0,0,1,0,0,0,0,0.9694,0,0,0
B,78,9,H,B,2529,0,0,0,0,0,0,0,1,0,0,0,0,0.9694,0,0,0
B,89,1,H,B,77,10,0,10,0,0,0,0,1,0,0,0,0,0.9694,0,0,0
B,89,9,C,B,64,4,0,4,0,0,0,0,3.5,0,0,0,0,3.3929,0,0,0
B,93,4,C,B,4596,2,0,2,0,0,0,0,3.5,0,0,0,0,3.3929,0,0,0
B,93,9,H,B,103,1,0,1,0,0,0,0,1.5,0,0,0,0,1.4541,0,0,0
B,104,5,C,B,123,5,0,5,0,0,0,0,1.5,0,0,0,0,1.4541,0,0,0
B,104,10,H,B,975,1,0,1,0,0,0,0,3.5,0,0,0,0,3.3929,0,0,0
B,107,4,H,B,1280,1,0,1,0,0,0,0,3.5,0,0,0,0,3.3929,0,0,0
B,107,9,C,B,2832,1,0,1,0,0,0,0,2,0,0,0,0,1.9388,0,0,0
B,111,4,H,B,975,0,0,0,0,0,0,0,2,0,0,0,0,1.9388,0,0,0
B,111,10,C,B,1706,4,0,4,0,0,0,0,1.5,0,0,0,0,1.4541,0,0,0
B,114,5,C,B,169,10,0,10,0,0,0,0,1.5,0,0,0,0,1.4541,0,0,0
B,114,9,H,B,628,6,0,6,0,0,0,0,7.95,0,0,0,0,7.70673,0,0,0
B,115,4,H,B,144,13,0,13,0,0,0,0,7.95,0,0,0,0,7.70673,0,0,0
B,115,6,C,B,56,9,0,9,0,0,0,0,7.95,0,0,0,0,7.70673,0,0,0
B,41,4,H,C,372,7,0,0,0,7,0,0,0,0,4,0,0,0,0,4.3344,0
B,41,9,C,C,94,14,0,0,0,14,0,0,0,0,4,0,0,0,0,4.3344,0
B,58,2,C,C,383,10,0,0,0,10,0,0,0,0,8,0,0,0,0,8.6688,0
B,58,9,H,C,288,4,0,0,0,4,0,0,0,0,8,0,0,0,0,8.6688,0
B,61,2,H,C,1178,7,0,0,0,7,0,0,0,0,10,0,0,0,0,10.836,0
B,65,2,H,C,358,12,0,0,0,12,0,0,0,0,10,0,0,0,0,10.836,0
B,65,10,C,C,840,6,0,0,0,6,0,0,0,0,10,0,0,0,0,10.836,0
B,69,1,H,C,640,5,0,0,0,5,0,0,0,0,4,0,0,0,0,4.3344,0
B,69,8,C,C,529,6,0,0,0,6,0,0,0,0,4,0,0,0,0,4.3344,0
B,77,1,H,C,999,4,0,0,0,4,0,0,0,0,4,0,0,0,0,4.3344,0
B,77,7,C,C,226,7,0,0,0,7,0,0,0,0,4,0,0,0,0,4.3344,0
B,80,2,C,C,130,7,0,0,0,7,0,0,0,0,8,0,0,0,0,8.6688,0
B,80,8,H,C,345,6,0,0,0,6,0,0,0,0,8,0,0,0,0,8.6688,0
B,87,2,C,C,162,6,0,0,0,6,0,0,0,0,8,0,0,0,0,8.6688,0
B,87,9,H,C,163,14,0,0,0,14,0,0,0,0,8,0,0,0,0,8.6688,0
B,96,5,C,C,1308,7,0,0,0,7,0,0,0,0,6,0,0,0,0,6.5016,0
B,96,10,H,C,1461,8,0,0,0,8,0,0,0,0,6,0,0,0,0,6.5016,0
B,98,3,C,C,540,3,0,0,0,3,0,0,0,0,2,0,0,0,0,2.1672,0
B,98,9,H,C,944,5,0,0,0,5,0,0,0,0,2,0,0,0,0,2.1672,0
B,103,3,C,C,558,13,0,0,0,13,0,0,0,0,6,0,0,0,0,6.5016,0
B,103,7,H,C,979,6,0,0,0,6,0,0,0,0,6,0,0,0,0,6.5016,0
B,105,4,C,C,198,4,0,0,0,4,0,0,0,0,6,0,0,0,0,6.5016,0
B,105,7,H,C,296,11,0,0,0,11,0,0,0,0,6,0,0,0,0,6.5016,0
B,113,1,C,C,2548,1,0,0,0,1,0,0,0,0,2,0,0,0,0,2.1672,0
B,113,10,H,C,2307,0,0,0,0,0,0,0,0,0,2,0,0,0,0,2.1672,0
B,118,5,H,C,1473,3,0,0,0,3,0,0,0,0,2,0,0,0,0,2.1672,0
B,118,7,C,C,1081,3,0,0,0,3,0,0,0,0,2,0,0,0,0,2.1672,0
B,120,4,H,C,1335,11,0,0,0,11,0,0,0,0,10,0,0,0,0,10.836,0
B,120,9,C,C,451,9,0,0,0,9,0,0,0,0,10,0,0,0,0,10.836,0
B,45,1,H,Focals,5998,0,0,0,0,0,0,0,0,0,0,0,0,0,0,0,0
B,45,7,C,Focals,5346,0,0,0,0,0,0,0,0,0,0,0,0,0,0,0,0
B,53,2,C,Focals,4971,0,0,0,0,0,0,0,0,0,0,0,0,0,0,0,0
B,53,8,H,Focals,6653,0,0,0,0,0,0,0,0,0,0,0,0,0,0,0,0
B,67,1,H,Focals,5513,0,0,0,0,0,0,0,0,0,0,0,0,0,0,0,0
B,67,9,C,Focals,3882,0,0,0,0,0,0,0,0,0,0,0,0,0,0,0,0
B,86,3,C,Focals,6595,0,0,0,0,0,0,0,0,0,0,0,0,0,0,0,0
B,86,6,H,Focals,5189,0,0,0,0,0,0,0,0,0,0,0,0,0,0,0,0
B,101,1,H,Focals,3735,0,0,0,0,0,0,0,0,0,0,0,0,0,0,0,0
B,101,9,C,Focals,5038,0,0,0,0,0,0,0,0,0,0,0,0,0,0,0,0
B,43,3,H,N,4802,16,0,0,0,0,16,0,0,0,0,7.5,0,0,0,0,15.34725
B,43,6,C,N,744,40,0,0,0,0,40,0,0,0,0,7.5,0,0,0,0,15.34725
B,47,1,C,N,2448,10,0,0,0,0,10,0,0,0,0,7.5,0,0,0,0,15.34725
B,47,6,H,N,2346,18,0,0,0,0,18,0,0,0,0,7.5,0,0,0,0,15.34725
B,52,4,H,N,3537,10,0,0,0,0,10,0,0,0,0,5.5,0,0,0,0,11.25465
B,52,9,C,N,2629,14,0,0,0,0,14,0,0,0,0,5.5,0,0,0,0,11.25465
B,54,5,C,N,5587,7,0,0,0,0,7,0,0,0,0,2,0,0,0,0,4.0926
B,54,8,H,N,4605,5,0,0,0,0,5,0,0,0,0,2,0,0,0,0,4.0926
B,56,8,H,N,3286,17,0,0,0,0,17,0,0,0,0,5.5,0,0,0,0,11.25465
B,64,4,C,N,568,3,0,0,0,0,3,0,0,0,0,2,0,0,0,0,4.0926
B,64,6,H,N,4757,2,0,0,0,0,2,0,0,0,0,2,0,0,0,0,4.0926
B,68,4,C,N,4985,3,0,0,0,0,3,0,0,0,0,5.5,0,0,0,0,11.25465
B,68,7,H,N,3012,3,0,0,0,0,3,0,0,0,0,5.5,0,0,0,0,11.25465
B,73,1,C,N,3316,33,0,0,0,0,33,0,0,0,0,9.5,0,0,0,0,19.43985
B,73,6,H,N,2288,13,0,0,0,0,13,0,0,0,0,9.5,0,0,0,0,19.43985
B,82,4,C,N,5114,10,0,0,0,0,10,0,0,0,0,9.5,0,0,0,0,19.43985
B,82,9,H,N,1997,20,0,0,0,0,20,0,0,0,0,9.5,0,0,0,0,19.43985
B,84,1,C,N,5349,9,0,0,0,0,9,0,0,0,0,4,0,0,0,0,8.1852
B,84,8,H,N,2049,4,0,0,0,0,4,0,0,0,0,4,0,0,0,0,8.1852
B,91,5,C,N,2299,0,0,0,0,0,0,0,0,0,0,4,0,0,0,0,8.1852
B,91,6,H,N,2249,5,0,0,0,0,5,0,0,0,0,4,0,0,0,0,8.1852
B,99,8,C,N,2306,17,0,0,0,0,17,0,0,0,0,9.5,0,0,0,0,19.43985
B,110,3,H,N,2653,13,0,0,0,0,13,0,0,0,0,2,0,0,0,0,4.0926
B,110,10,C,N,3845,3,0,0,0,0,3,0,0,0,0,2,0,0,0,0,4.0926
B,117,5,H,N,3950,7,0,0,0,0,7,0,0,0,0,4,0,0,0,0,8.1852
B,117,6,C,N,2542,14,0,0,0,0,14,0,0,0,0,4,0,0,0,0,8.1852
B,119,4,C,N,3271,8,0,0,0,0,8,0,0,0,0,7.5,0,0,0,0,15.34725
B,44,2,C,P,33,231,0,0,231,0,0,0,0,12,0,0,0,0,50,0,0
B,44,8,H,P,917,50,0,0,50,0,0,0,0,12,0,0,0,0,50,0,0
B,49,3,C,P,35,310,0,0,310,0,0,0,0,16,0,0,0,0,100,0,0
B,49,6,H,P,36,125,0,0,125,0,0,0,0,16,0,0,0,0,100,0,0
B,59,1,C,P,378,36,0,0,36,0,0,0,0,6,0,0,0,0,10,0,0
B,59,10,H,P,261,29,0,0,29,0,0,0,0,6,0,0,0,0,10,0,0
B,66,3,H,P,140,94,0,0,94,0,0,0,0,16,0,0,0,0,100,0,0
B,66,8,C,P,38,228,0,0,228,0,0,0,0,16,0,0,0,0,100,0,0
B,71,4,H,P,327,71,0,0,71,0,0,0,0,8,0,0,0,0,20,0,0
B,71,7,C,P,691,54,0,0,54,0,0,0,0,8,0,0,0,0,20,0,0
B,76,3,H,P,30,162,0,0,162,0,0,0,0,16,0,0,0,0,100,0,0
B,76,10,C,P,221,166,0,0,166,0,0,0,0,16,0,0,0,0,100,0,0
B,81,5,H,P,158,115,0,0,115,0,0,0,0,8,0,0,0,0,20,0,0
B,83,5,H,P,313,52,0,0,52,0,0,0,0,6,0,0,0,0,10,0,0
B,83,10,C,P,470,53,0,0,53,0,0,0,0,6,0,0,0,0,10,0,0
B,85,1,H,P,61,147,0,0,147,0,0,0,0,12,0,0,0,0,50,0,0
B,85,10,C,P,59,174,0,0,174,0,0,0,0,12,0,0,0,0,50,0,0
B,88,2,H,P,319,30,0,0,30,0,0,0,0,4,0,0,0,0,5,0,0
B,88,6,C,P,586,31,0,0,31,0,0,0,0,4,0,0,0,0,5,0,0
B,95,1,C,P,479,16,0,0,16,0,0,0,0,4,0,0,0,0,5,0,0
B,95,7,H,P,175,24,0,0,24,0,0,0,0,4,0,0,0,0,5,0,0
B,97,7,C,P,25,95,0,0,95,0,0,0,0,12,0,0,0,0,50,0,0
B,100,2,C,P,695,78,0,0,78,0,0,0,0,8,0,0,0,0,20,0,0
B,100,8,H,P,204,83,0,0,83,0,0,0,0,8,0,0,0,0,20,0,0
B,102,2,C,P,163,25,0,0,25,0,0,0,0,6,0,0,0,0,10,0,0
B,102,10,H,P,424,39,0,0,39,0,0,0,0,6,0,0,0,0,10,0,0
B,112,1,H,P,307,21,0,0,21,0,0,0,0,4,0,0,0,0,5,0,0
B,112,7,C,P,579,27,0,0,27,0,0,0,0,4,0,0,0,0,5,0,0
B,48,1,H,S,46,39,39,0,0,0,0,8,0,0,0,0,20.9936,0,0,0,0
B,48,9,C,S,164,16,16,0,0,0,0,8,0,0,0,0,20.9936,0,0,0,0
B,50,5,C,S,35,29,29,0,0,0,0,20,0,0,0,0,52.484,0,0,0,0
B,50,8,H,S,222,41,41,0,0,0,0,20,0,0,0,0,52.484,0,0,0,0
B,57,4,C,S,46,62,62,0,0,0,0,20,0,0,0,0,52.484,0,0,0,0
B,57,7,H,S,79,47,47,0,0,0,0,20,0,0,0,0,52.484,0,0,0,0
B,62,1,H,S,80,85,85,0,0,0,0,8,0,0,0,0,20.9936,0,0,0,0
B,62,10,C,S,1298,4,4,0,0,0,0,8,0,0,0,0,20.9936,0,0,0,0
B,70,3,C,S,1710,7,7,0,0,0,0,4,0,0,0,0,10.4968,0,0,0,0
B,70,6,H,S,694,12,12,0,0,0,0,4,0,0,0,0,10.4968,0,0,0,0
B,72,5,C,S,57,48,48,0,0,0,0,12,0,0,0,0,31.4904,0,0,0,0
B,72,10,H,S,276,66,66,0,0,0,0,12,0,0,0,0,31.4904,0,0,0,0
B,74,5,C,S,412,34,34,0,0,0,0,16,0,0,0,0,41.9872,0,0,0,0
B,74,9,H,S,365,5,5,0,0,0,0,16,0,0,0,0,41.9872,0,0,0,0
B,79,4,C,S,630,14,14,0,0,0,0,16,0,0,0,0,41.9872,0,0,0,0
B,79,7,H,S,65,42,42,0,0,0,0,16,0,0,0,0,41.9872,0,0,0,0
B,90,2,C,S,301,56,56,0,0,0,0,16,0,0,0,0,41.9872,0,0,0,0
B,90,10,H,S,547,47,47,0,0,0,0,16,0,0,0,0,41.9872,0,0,0,0
B,92,1,C,S,567,24,24,0,0,0,0,8,0,0,0,0,20.9936,0,0,0,0
B,92,7,H,S,360,19,19,0,0,0,0,8,0,0,0,0,20.9936,0,0,0,0
B,94,3,H,S,56,79,79,0,0,0,0,20,0,0,0,0,52.484,0,0,0,0
B,94,8,C,S,56,39,39,0,0,0,0,20,0,0,0,0,52.484,0,0,0,0
B,106,2,C,S,171,36,36,0,0,0,0,12,0,0,0,0,31.4904,0,0,0,0
B,106,10,H,S,254,27,27,0,0,0,0,12,0,0,0,0,31.4904,0,0,0,0
B,108,4,C,S,2037,23,23,0,0,0,0,4,0,0,0,0,10.4968,0,0,0,0
B,109,6,H,S,392,34,34,0,0,0,0,12,0,0,0,0,31.4904,0,0,0,0
B,116,3,H,S,383,28,28,0,0,0,0,4,0,0,0,0,10.4968,0,0,0,0
B,116,6,C,S,1771,5,5,0,0,0,0,4,0,0,0,0,10.4968,0,0,0,0
P,42,1,H,B,10660,6,0,6,0,0,0,0,8,0,0,0,0,11.936,0,0,0
P,42,7,C,B,8202,2,0,2,0,0,0,0,8,0,0,0,0,11.936,0,0,0
P,46,1,C,B,4978,2,0,2,0,0,0,0,2,0,0,0,0,2.984,0,0,0
P,46,10,H,B,17289,6,0,6,0,0,0,0,2,0,0,0,0,2.984,0,0,0
P,51,2,H,B,33789,3,0,3,0,0,0,0,1,0,0,0,0,1.492,0,0,0
P,51,8,C,B,22516,1,0,1,0,0,0,0,1,0,0,0,0,1.492,0,0,0
P,55,5,H,B,46233,3,0,3,0,0,0,0,1.5,0,0,0,0,2.238,0,0,0
P,55,10,C,B,9902,2,0,2,0,0,0,0,1.5,0,0,0,0,2.238,0,0,0
P,60,4,C,B,13885,1,0,1,0,0,0,0,2,0,0,0,0,2.984,0,0,0
P,60,7,H,B,31373,2,0,2,0,0,0,0,2,0,0,0,0,2.984,0,0,0
P,63,1,H,B,83717,4,0,4,0,0,0,0,3.5,0,0,0,0,5.222,0,0,0
P,63,9,C,B,23681,4,0,4,0,0,0,0,3.5,0,0,0,0,5.222,0,0,0
P,75,8,H,B,11149,8,0,8,0,0,0,0,1,0,0,0,0,1.492,0,0,0
P,78,4,C,B,56316,0,0,0,0,0,0,0,1,0,0,0,0,1.492,0,0,0
P,78,6,H,B,74276,0,0,0,0,0,0,0,1,0,0,0,0,1.492,0,0,0
P,89,5,C,B,4669,6,0,6,0,0,0,0,3.5,0,0,0,0,5.222,0,0,0
P,89,10,H,B,25408,7,0,7,0,0,0,0,3.5,0,0,0,0,5.222,0,0,0
P,93,3,H,B,33826,0,0,0,0,0,0,0,1.5,0,0,0,0,2.238,0,0,0
P,93,10,C,B,3217,2,0,2,0,0,0,0,1.5,0,0,0,0,2.238,0,0,0
P,104,2,H,B,58759,4,0,4,0,0,0,0,3.5,0,0,0,0,5.222,0,0,0
P,104,9,C,B,5087,6,0,6,0,0,0,0,3.5,0,0,0,0,5.222,0,0,0
P,107,1,C,B,5749,9,0,9,0,0,0,0,2,0,0,0,0,2.984,0,0,0
P,107,6,H,B,7082,2,0,2,0,0,0,0,2,0,0,0,0,2.984,0,0,0
P,111,1,H,B,79862,1,0,1,0,0,0,0,1.5,0,0,0,0,2.238,0,0,0
P,111,7,C,B,36093,1,0,1,0,0,0,0,1.5,0,0,0,0,2.238,0,0,0
P,114,2,C,B,1386,10,0,10,0,0,0,0,8,0,0,0,0,11.936,0,0,0
P,114,10,H,B,9559,15,0,15,0,0,0,0,8,0,0,0,0,11.936,0,0,0
P,115,3,H,B,3646,25,0,25,0,0,0,0,8,0,0,0,0,11.936,0,0,0
P,115,8,C,B,2648,13,0,13,0,0,0,0,8,0,0,0,0,11.936,0,0,0
P,41,5,H,C,2258,8,0,0,0,8,0,0,0,0,4,0,0,0,0,4.6648,0
P,41,10,C,C,1868,4,0,0,0,4,0,0,0,0,4,0,0,0,0,4.6648,0
P,58,5,C,C,892,3,0,0,0,3,0,0,0,0,8,0,0,0,0,9.3296,0
P,58,7,H,C,13544,6,0,0,0,6,0,0,0,0,8,0,0,0,0,9.3296,0
P,61,4,C,C,24816,13,0,0,0,13,0,0,0,0,10,0,0,0,0,11.662,0
P,61,10,H,C,17377,14,0,0,0,14,0,0,0,0,10,0,0,0,0,11.662,0
P,65,5,H,C,1389,7,0,0,0,7,0,0,0,0,10,0,0,0,0,11.662,0
P,65,9,C,C,2827,14,0,0,0,14,0,0,0,0,10,0,0,0,0,11.662,0
P,69,2,H,C,43868,2,0,0,0,2,0,0,0,0,4,0,0,0,0,4.6648,0
P,69,6,C,C,4440,1,0,0,0,1,0,0,0,0,4,0,0,0,0,4.6648,0
P,77,3,H,C,23571,5,0,0,0,5,0,0,0,0,4,0,0,0,0,4.6648,0
P,77,6,C,C,3570,3,0,0,0,3,0,0,0,0,4,0,0,0,0,4.6648,0
P,80,3,H,C,16582,5,0,0,0,5,0,0,0,0,8,0,0,0,0,9.3296,0
P,80,6,C,C,17361,9,0,0,0,9,0,0,0,0,8,0,0,0,0,9.3296,0
P,87,5,C,C,1548,7,0,0,0,7,0,0,0,0,8,0,0,0,0,9.3296,0
P,87,10,H,C,1202,10,0,0,0,10,0,0,0,0,8,0,0,0,0,9.3296,0
P,96,3,H,C,1637,23,0,0,0,23,0,0,0,0,6,0,0,0,0,6.9972,0
P,96,8,C,C,2397,7,0,0,0,7,0,0,0,0,6,0,0,0,0,6.9972,0
P,103,4,C,C,1446,6,0,0,0,6,0,0,0,0,6,0,0,0,0,6.9972,0
P,103,6,H,C,2577,6,0,0,0,6,0,0,0,0,6,0,0,0,0,6.9972,0
P,105,3,H,C,592,9,0,0,0,9,0,0,0,0,6,0,0,0,0,6.9972,0
P,105,9,C,C,1735,5,0,0,0,5,0,0,0,0,6,0,0,0,0,6.9972,0
P,113,4,C,C,3949,0,0,0,0,0,0,0,0,0,2,0,0,0,0,2.3324,0
P,113,9,H,C,44238,0,0,0,0,0,0,0,0,0,2,0,0,0,0,2.3324,0
P,118,3,H,C,32964,2,0,0,0,2,0,0,0,0,2,0,0,0,0,2.3324,0
P,118,6,C,C,5614,4,0,0,0,4,0,0,0,0,2,0,0,0,0,2.3324,0
P,120,2,C,C,0,24,0,0,0,24,0,0,0,0,10,0,0,0,0,11.662,0
P,120,6,H,C,1827,5,0,0,0,5,0,0,0,0,10,0,0,0,0,11.662,0
P,45,3,C,Focals,54047,0,0,0,0,0,0,0,0,0,0,0,0,0,0,0,0
P,45,6,H,Focals,117585,0,0,0,0,0,0,0,0,0,0,0,0,0,0,0,0
P,53,5,H,Focals,100781,0,0,0,0,0,0,0,0,0,0,0,0,0,0,0,0
P,53,9,C,Focals,25290,0,0,0,0,0,0,0,0,0,0,0,0,0,0,0,0
P,67,2,C,Focals,40023,0,0,0,0,0,0,0,0,0,0,0,0,0,0,0,0
P,67,8,H,Focals,108357,0,0,0,0,0,0,0,0,0,0,0,0,0,0,0,0
P,86,1,H,Focals,104333,0,0,0,0,0,0,0,0,0,0,0,0,0,0,0,0
P,86,7,C,Focals,29778,0,0,0,0,0,0,0,0,0,0,0,0,0,0,0,0
P,101,5,C,Focals,30110,0,0,0,0,0,0,0,0,0,0,0,0,0,0,0,0
P,101,7,H,Focals,132130,0,0,0,0,0,0,0,0,0,0,0,0,0,0,0,0
P,43,2,H,N,21828,10,0,0,0,0,10,0,0,0,0,7.5,0,0,0,0,14.9745
P,43,10,C,N,25621,36,0,0,0,0,36,0,0,0,0,7.5,0,0,0,0,14.9745
P,47,4,H,N,16380,9,0,0,0,0,9,0,0,0,0,7.5,0,0,0,0,14.9745
P,47,7,C,N,26007,14,0,0,0,0,14,0,0,0,0,7.5,0,0,0,0,14.9745
P,52,1,H,N,41072,28,0,0,0,0,28,0,0,0,0,5.5,0,0,0,0,10.9813
P,52,8,C,N,5255,15,0,0,0,0,15,0,0,0,0,5.5,0,0,0,0,10.9813
P,54,3,H,N,24462,4,0,0,0,0,4,0,0,0,0,2,0,0,0,0,3.9932
P,54,6,C,N,25140,9,0,0,0,0,9,0,0,0,0,2,0,0,0,0,3.9932
P,56,3,H,N,10340,7,0,0,0,0,7,0,0,0,0,5.5,0,0,0,0,10.9813
P,56,6,C,N,28102,1,0,0,0,0,1,0,0,0,0,5.5,0,0,0,0,10.9813
P,64,3,C,N,7931,3,0,0,0,0,3,0,0,0,0,2,0,0,0,0,3.9932
P,68,1,C,N,21412,9,0,0,0,0,9,0,0,0,0,5.5,0,0,0,0,10.9813
P,68,9,H,N,42463,12,0,0,0,0,12,0,0,0,0,5.5,0,0,0,0,10.9813
P,73,5,C,N,5717,16,0,0,0,0,16,0,0,0,0,9.5,0,0,0,0,18.9677
P,73,9,H,N,7405,34,0,0,0,0,34,0,0,0,0,9.5,0,0,0,0,18.9677
P,82,1,H,N,14681,19,0,0,0,0,19,0,0,0,0,9.5,0,0,0,0,18.9677
P,82,8,C,N,24989,3,0,0,0,0,3,0,0,0,0,9.5,0,0,0,0,18.9677
P,84,2,H,N,56384,6,0,0,0,0,6,0,0,0,0,4,0,0,0,0,7.9864
P,84,10,C,N,18888,10,0,0,0,0,10,0,0,0,0,4,0,0,0,0,7.9864
P,91,2,C,N,8211,4,0,0,0,0,4,0,0,0,0,4,0,0,0,0,7.9864
P,99,1,C,N,23403,25,0,0,0,0,25,0,0,0,0,9.5,0,0,0,0,18.9677
P,99,7,H,N,7348,9,0,0,0,0,9,0,0,0,0,9.5,0,0,0,0,18.9677
P,110,2,C,N,26309,2,0,0,0,0,2,0,0,0,0,2,0,0,0,0,3.9932
P,110,6,H,N,29250,8,0,0,0,0,8,0,0,0,0,2,0,0,0,0,3.9932
P,117,1,C,N,9615,16,0,0,0,0,16,0,0,0,0,4,0,0,0,0,7.9864
P,117,9,H,N,27104,7,0,0,0,0,7,0,0,0,0,4,0,0,0,0,7.9864
P,119,5,H,N,62764,9,0,0,0,0,9,0,0,0,0,7.5,0,0,0,0,14.9745
P,119,8,C,N,13309,14,0,0,0,0,14,0,0,0,0,7.5,0,0,0,0,14.9745
P,44,1,H,P,1618,84,0,0,84,0,0,0,0,12,0,0,0,0,50,0,0
P,44,6,C,P,486,35,0,0,35,0,0,0,0,12,0,0,0,0,50,0,0
P,49,4,C,P,3953,0,0,0,0,0,0,0,0,16,0,0,0,0,100,0,0
P,49,10,H,P,488,130,0,0,130,0,0,0,0,16,0,0,0,0,100,0,0
P,59,3,H,P,1446,34,0,0,34,0,0,0,0,6,0,0,0,0,10,0,0
P,59,8,C,P,1021,25,0,0,25,0,0,0,0,6,0,0,0,0,10,0,0
P,66,4,H,P,345,237,0,0,237,0,0,0,0,16,0,0,0,0,100,0,0
P,66,7,C,P,233,129,0,0,129,0,0,0,0,16,0,0,0,0,100,0,0
P,71,3,C,P,2826,76,0,0,76,0,0,0,0,8,0,0,0,0,20,0,0
P,71,8,H,P,5242,88,0,0,88,0,0,0,0,8,0,0,0,0,20,0,0
P,76,1,H,P,379,201,0,0,201,0,0,0,0,16,0,0,0,0,100,0,0
P,76,7,C,P,189,161,0,0,161,0,0,0,0,16,0,0,0,0,100,0,0
P,81,4,C,P,5039,100,0,0,100,0,0,0,0,8,0,0,0,0,20,0,0
P,81,10,C,P,1379,130,0,0,130,0,0,0,0,8,0,0,0,0,20,0,0
P,83,4,C,P,2727,39,0,0,39,0,0,0,0,6,0,0,0,0,10,0,0
P,83,9,H,P,7706,62,0,0,62,0,0,0,0,6,0,0,0,0,10,0,0
P,85,2,H,P,906,176,0,0,176,0,0,0,0,12,0,0,0,0,50,0,0
P,85,8,C,P,2189,105,0,0,105,0,0,0,0,12,0,0,0,0,50,0,0
P,88,3,H,P,3338,27,0,0,27,0,0,0,0,4,0,0,0,0,5,0,0
P,88,9,C,P,2343,24,0,0,24,0,0,0,0,4,0,0,0,0,5,0,0
P,95,2,C,P,4237,14,0,0,14,0,0,0,0,4,0,0,0,0,5,0,0
P,95,8,H,P,14981,45,0,0,45,0,0,0,0,4,0,0,0,0,5,0,0
P,97,3,H,P,0,178,0,0,178,0,0,0,0,12,0,0,0,0,50,0,0
P,97,6,C,P,5092,174,0,0,174,0,0,0,0,12,0,0,0,0,50,0,0
P,100,3,H,P,1852,76,0,0,76,0,0,0,0,8,0,0,0,0,20,0,0
P,100,10,C,P,478,32,0,0,32,0,0,0,0,8,0,0,0,0,20,0,0
P,102,5,H,P,1704,39,0,0,39,0,0,0,0,6,0,0,0,0,10,0,0
P,102,9,C,P,4972,28,0,0,28,0,0,0,0,6,0,0,0,0,10,0,0
P,112,2,C,P,6587,41,0,0,41,0,0,0,0,4,0,0,0,0,5,0,0
P,112,8,H,P,26499,41,0,0,41,0,0,0,0,4,0,0,0,0,5,0,0
P,48,2,C,S,3784,28,28,0,0,0,0,8,0,0,0,0,22.868,0,0,0,0
P,48,7,H,S,924,29,29,0,0,0,0,8,0,0,0,0,22.868,0,0,0,0
P,50,1,H,S,5920,35,35,0,0,0,0,20,0,0,0,0,57.17,0,0,0,0
P,50,9,C,S,976,52,52,0,0,0,0,20,0,0,0,0,57.17,0,0,0,0
P,57,1,C,S,5695,94,94,0,0,0,0,20,0,0,0,0,57.17,0,0,0,0
P,57,9,H,S,8006,84,84,0,0,0,0,20,0,0,0,0,57.17,0,0,0,0
P,62,4,H,S,8096,37,37,0,0,0,0,8,0,0,0,0,22.868,0,0,0,0
P,62,6,C,S,4684,13,13,0,0,0,0,8,0,0,0,0,22.868,0,0,0,0
P,70,4,H,S,20104,2,2,0,0,0,0,4,0,0,0,0,11.434,0,0,0,0
P,70,10,C,S,13585,6,6,0,0,0,0,4,0,0,0,0,11.434,0,0,0,0
P,72,3,C,S,3613,47,47,0,0,0,0,12,0,0,0,0,34.302,0,0,0,0
P,72,8,H,S,3516,33,33,0,0,0,0,12,0,0,0,0,34.302,0,0,0,0
P,74,2,C,S,1274,77,77,0,0,0,0,16,0,0,0,0,45.736,0,0,0,0
P,74,8,H,S,761,17,17,0,0,0,0,16,0,0,0,0,45.736,0,0,0,0
P,79,2,H,S,3857,24,24,0,0,0,0,16,0,0,0,0,45.736,0,0,0,0
P,79,8,C,S,473,31,31,0,0,0,0,16,0,0,0,0,45.736,0,0,0,0
P,90,1,C,S,1454,85,85,0,0,0,0,16,0,0,0,0,45.736,0,0,0,0
P,90,6,H,S,600,66,66,0,0,0,0,16,0,0,0,0,45.736,0,0,0,0
P,92,4,H,S,8812,15,15,0,0,0,0,8,0,0,0,0,22.868,0,0,0,0
P,92,9,C,S,1292,12,12,0,0,0,0,8,0,0,0,0,22.868,0,0,0,0
P,94,4,C,S,335,52,52,0,0,0,0,20,0,0,0,0,57.17,0,0,0,0
P,94,10L,H,S,2072,37,37,0,0,0,0,20,0,0,0,0,57.17,0,0,0,0
P,94,10R,H,S,2277,37,37,0,0,0,0,20,0,0,0,0,57.17,0,0,0,0
P,106,5,C,S,2143,42,42,0,0,0,0,12,0,0,0,0,34.302,0,0,0,0
P,106,8L,H,S,7487,34,34,0,0,0,0,12,0,0,0,0,34.302,0,0,0,0
P,106,8R,H,S,19118,34,34,0,0,0,0,12,0,0,0,0,34.302,0,0,0,0
P,108,3,C,S,2062,9,9,0,0,0,0,4,0,0,0,0,11.434,0,0,0,0
P,108,10,H,S,1823,9,9,0,0,0,0,4,0,0,0,0,11.434,0,0,0,0
P,109,4,H,S,2818,24,24,0,0,0,0,12,0,0,0,0,34.302,0,0,0,0
P,109,9,C,S,1144,16,16,0,0,0,0,12,0,0,0,0,34.302,0,0,0,0
P,116,5,C,S,1900,11,11,0,0,0,0,4,0,0,0,0,11.434,0,0,0,0
P,116,7,H,S,1125,12,12,0,0,0,0,4,0,0,0,0,11.434,0,0,0,0
C,42,5,H,B,236,5,0,5,0,0,0,0,8,0,0,0,0,8.684,0,0,0
C,42,10,C,B,191,5,0,5,0,0,0,0,8,0,0,0,0,8.684,0,0,0
C,46,2,H,B,4013,2,0,2,0,0,0,0,2,0,0,0,0,2.171,0,0,0
C,46,6,C,B,759,3,0,3,0,0,0,0,2,0,0,0,0,2.171,0,0,0
C,51,3,H,B,1938,1,0,1,0,0,0,0,1,0,0,0,0,1.0855,0,0,0
C,55,9,C,B,564,4,0,4,0,0,0,0,1.5,0,0,0,0,1.62825,0,0,0
C,60,8,H,B,1516,3,0,3,0,0,0,0,2,0,0,0,0,2.171,0,0,0
C,63,8,H,B,550,3,0,3,0,0,0,0,3.5,0,0,0,0,3.79925,0,0,0
C,75,6,C,B,1610,1,0,1,0,0,0,0,1,0,0,0,0,1.0855,0,0,0
C,78,3,H,B,3550,4,0,4,0,0,0,0,1,0,0,0,0,1.0855,0,0,0
C,78,8,C,B,143,0,0,1,0,0,0,0,1,0,0,0,0,1.0855,0,0,0
C,89,3,C,B,372,10,0,10,0,0,0,0,3.5,0,0,0,0,3.79925,0,0,0
C,93,6,H,B,3832,1,0,1,0,0,0,0,1.5,0,0,0,0,1.62825,0,0,0
C,104,4,C,B,453,5,0,5,0,0,0,0,3.5,0,0,0,0,3.79925,0,0,0
C,104,6,H,B,1055,4,0,4,0,0,0,0,3.5,0,0,0,0,3.79925,0,0,0
C,107,7,C,B,1154,3,0,3,0,0,0,0,2,0,0,0,0,2.171,0,0,0
C,111,5,C,B,1688,1,0,1,0,0,0,0,1.5,0,0,0,0,1.62825,0,0,0
C,111,6,H,B,2726,7,0,7,0,0,0,0,1.5,0,0,0,0,1.62825,0,0,0
C,114,4,C,B,73,10,0,10,0,0,0,0,8,0,0,0,0,8.684,0,0,0
C,114,6,H,B,491,6,0,6,0,0,0,0,8,0,0,0,0,8.684,0,0,0
C,115,5,H,B,729,7,0,7,0,0,0,0,8,0,0,0,0,8.684,0,0,0
C,115,9,C,B,337,14,0,14,0,0,0,0,8,0,0,0,0,8.684,0,0,0
C,41,3,H,C,1387,4,0,0,0,4,0,0,0,0,4,0,0,0,0,5.3456,0
C,41,6,C,C,804,11,0,0,0,11,0,0,0,0,4,0,0,0,0,5.3456,0
C,58,1,H,C,123,20,0,0,0,20,0,0,0,0,8,0,0,0,0,10.6912,0
C,58,6,C,C,215,19,0,0,0,19,0,0,0,0,8,0,0,0,0,10.6912,0
C,61,5,C,C,468,12,0,0,0,12,0,0,0,0,10,0,0,0,0,13.364,0
C,61,9,H,C,500,19,0,0,0,19,0,0,0,0,10,0,0,0,0,13.364,0
C,65,3,C,C,230,8,0,0,0,8,0,0,0,0,10,0,0,0,0,13.364,0
C,65,8,H,C,916,15,0,0,0,15,0,0,0,0,10,0,0,0,0,13.364,0
C,69,5,C,C,1302,2,0,0,0,2,0,0,0,0,4,0,0,0,0,5.3456,0
C,69,9,H,C,2244,1,0,0,0,1,0,0,0,0,4,0,0,0,0,5.3456,0
C,77,2,H,C,1117,2,0,0,0,2,0,0,0,0,4,0,0,0,0,5.3456,0
C,77,8,C,C,839,2,0,0,0,2,0,0,0,0,4,0,0,0,0,5.3456,0
C,80,4,C,C,256,5,0,0,0,5,0,0,0,0,8,0,0,0,0,10.6912,0
C,80,10,H,C,732,4,0,0,0,4,0,0,0,0,8,0,0,0,0,10.6912,0
C,87,1,C,C,148,23,0,0,0,23,0,0,0,0,8,0,0,0,0,10.6912,0
C,87,8,H,C,171,8,0,0,0,8,0,0,0,0,8,0,0,0,0,10.6912,0
C,96,1,C,C,228,8,0,0,0,8,0,0,0,0,6,0,0,0,0,8.0184,0
C,96,6,H,C,834,11,0,0,0,11,0,0,0,0,6,0,0,0,0,8.0184,0
C,98,2,H,C,3414,3,0,0,0,3,0,0,0,0,2,0,0,0,0,2.6728,0
C,98,8,C,C,515,1,0,0,0,1,0,0,0,0,2,0,0,0,0,2.6728,0
C,103,5,C,C,525,9,0,0,0,9,0,0,0,0,6,0,0,0,0,8.0184,0
C,103,10,H,C,151,7,0,0,0,7,0,0,0,0,6,0,0,0,0,8.0184,0
C,105,1,H,C,235,6,0,0,0,6,0,0,0,0,6,0,0,0,0,8.0184,0
C,105,8,C,C,268,2,0,0,0,2,0,0,0,0,6,0,0,0,0,8.0184,0
C,113,2,H,C,2062,1,0,0,0,1,0,0,0,0,2,0,0,0,0,2.6728,0
C,113,6,C,C,567,0,0,0,0,0,0,0,0,0,2,0,0,0,0,2.6728,0
C,118,2,C,C,1536,4,0,0,0,4,0,0,0,0,2,0,0,0,0,2.6728,0
C,118,8,H,C,1661,4,0,0,0,4,0,0,0,0,2,0,0,0,0,2.6728,0
C,120,3,C,C,325,13,0,0,0,13,0,0,0,0,10,0,0,0,0,13.364,0
C,120,10,H,C,734,9,0,0,0,9,0,0,0,0,10,0,0,0,0,13.364,0
C,45,5,H,Focals,9115,0,0,0,0,0,0,0,0,0,0,0,0,0,0,0,0
C,45,8,C,Focals,1355,0,0,0,0,0,0,0,0,0,0,0,0,0,0,0,0
C,53,1,C,Focals,962,0,0,0,0,0,0,0,0,0,0,0,0,0,0,0,0
C,67,4,C,Focals,1448,0,0,0,0,0,0,0,0,0,0,0,0,0,0,0,0
C,67,10,H,Focals,5778,0,0,0,0,0,0,0,0,0,0,0,0,0,0,0,0
C,86,5,C,Focals,1889,0,0,0,0,0,0,0,0,0,0,0,0,0,0,0,0
C,86,9,H,Focals,6219,0,0,0,0,0,0,0,0,0,0,0,0,0,0,0,0
C,101,3,H,Focals,5814,0,0,0,0,0,0,0,0,0,0,0,0,0,0,0,0
C,43,9,C,N,1472,15,0,0,0,0,15,0,0,0,0,7.5,0,0,0,0,14.6475
C,47,2,C,N,25,26,0,0,0,0,26,0,0,0,0,7.5,0,0,0,0,14.6475
C,47,8,H,N,1837,17,0,0,0,0,17,0,0,0,0,7.5,0,0,0,0,14.6475
C,52,2,C,N,844,12,0,0,0,0,12,0,0,0,0,5.5,0,0,0,0,10.7415
C,52,10,H,N,2911,16,0,0,0,0,16,0,0,0,0,5.5,0,0,0,0,10.7415
C,54,9,C,N,1915,9,0,0,0,0,9,0,0,0,0,2,0,0,0,0,3.906
C,56,5,H,N,928,4,0,0,0,0,4,0,0,0,0,5.5,0,0,0,0,10.7415
C,64,1,C,N,970,1,0,0,0,0,1,0,0,0,0,2,0,0,0,0,3.906
C,64,7,H,N,2849,4,0,0,0,0,4,0,0,0,0,2,0,0,0,0,3.906
C,68,3,C,N,1562,12,0,0,0,0,12,0,0,0,0,5.5,0,0,0,0,10.7415
C,68,8,H,N,871,4,0,0,0,0,4,0,0,0,0,5.5,0,0,0,0,10.7415
C,73,4,C,N,1002,21,0,0,0,0,21,0,0,0,0,9.5,0,0,0,0,18.5535
C,73,10,H,N,1227,21,0,0,0,0,21,0,0,0,0,9.5,0,0,0,0,18.5535
C,82,2,H,N,823,8,0,0,0,0,8,0,0,0,0,9.5,0,0,0,0,18.5535
C,82,6,C,N,282,14,0,0,0,0,14,0,0,0,0,9.5,0,0,0,0,18.5535
C,84,3,H,N,0,6,0,0,0,0,6,0,0,0,0,4,0,0,0,0,7.812
C,84,9,C,N,1088,9,0,0,0,0,9,0,0,0,0,4,0,0,0,0,7.812
C,91,1,H,N,2764,9,0,0,0,0,9,0,0,0,0,4,0,0,0,0,7.812
C,91,10,C,N,901,6,0,0,0,0,6,0,0,0,0,4,0,0,0,0,7.812
C,110,1,H,N,4065,6,0,0,0,0,6,0,0,0,0,2,0,0,0,0,3.906
C,110,8,C,N,1722,1,0,0,0,0,1,0,0,0,0,2,0,0,0,0,3.906
C,117,3,C,N,501,9,0,0,0,0,9,0,0,0,0,4,0,0,0,0,7.812
C,119,1,H,N,685,20,0,0,0,0,20,0,0,0,0,7.5,0,0,0,0,14.6475
C,119,7,C,N,1203,12,0,0,0,0,12,0,0,0,0,7.5,0,0,0,0,14.6475
C,44,5,C,P,182,263,0,0,263,0,0,0,0,12,0,0,0,0,50,0,0
C,44,9,H,P,209,107,0,0,107,0,0,0,0,12,0,0,0,0,50,0,0
C,49,2,H,P,300,0,0,0,0,0,0,0,0,16,0,0,0,0,100,0,0
C,49,7,C,P,429,178,0,0,178,0,0,0,0,16,0,0,0,0,100,0,0
C,59,4,H,P,86,11,0,0,11,0,0,0,0,6,0,0,0,0,10,0,0
C,59,9,C,P,536,25,0,0,25,0,0,0,0,6,0,0,0,0,10,0,0
C,66,1,C,P,194,203,0,0,203,0,0,0,0,16,0,0,0,0,100,0,0
C,66,9,H,P,248,157,0,0,157,0,0,0,0,16,0,0,0,0,100,0,0
C,71,1,C,P,263,67,0,0,67,0,0,0,0,8,0,0,0,0,20,0,0
C,71,6,H,P,219,54,0,0,54,0,0,0,0,8,0,0,0,0,20,0,0
C,76,2,H,P,253,80,0,0,80,0,0,0,0,16,0,0,0,0,100,0,0
C,76,6,C,P,241,216,0,0,216,0,0,0,0,16,0,0,0,0,100,0,0
C,81,8,H,P,393,66,0,0,66,0,0,0,0,8,0,0,0,0,20,0,0
C,83,1,H,P,481,31,0,0,31,0,0,0,0,6,0,0,0,0,10,0,0
C,83,7,C,P,343,41,0,0,41,0,0,0,0,6,0,0,0,0,10,0,0
C,85,4,H,P,174,102,0,0,102,0,0,0,0,12,0,0,0,0,50,0,0
C,88,7,C,P,282,22,0,0,22,0,0,0,0,4,0,0,0,0,5,0,0
C,95,4,H,P,165,23,0,0,23,0,0,0,0,4,0,0,0,0,5,0,0
C,95,10,C,P,316,31,0,0,31,0,0,0,0,4,0,0,0,0,5,0,0
C,97,4,H,P,275,85,0,0,85,0,0,0,0,12,0,0,0,0,50,0,0
C,97,9,C,P,427,85,0,0,85,0,0,0,0,12,0,0,0,0,50,0,0
C,100,5,C,P,249,55,0,0,55,0,0,0,0,8,0,0,0,0,20,0,0
C,100,6,H,P,364,64,0,0,64,0,0,0,0,8,0,0,0,0,20,0,0
C,102,7,H,P,99,51,0,0,51,0,0,0,0,6,0,0,0,0,10,0,0
C,112,4,C,P,259,20,0,0,20,0,0,0,0,4,0,0,0,0,5,0,0
C,112,9,H,P,196,29,0,0,29,0,0,0,0,4,0,0,0,0,5,0,0
C,48,10,C,S,186,40,40,0,0,0,0,8,0,0,0,0,21.128,0,0,0,0
C,50,4,H,S,309,43,43,0,0,0,0,20,0,0,0,0,52.82,0,0,0,0
C,50,10,C,S,56,49,49,0,0,0,0,20,0,0,0,0,52.82,0,0,0,0
C,57,2,C,S,66,75,75,0,0,0,0,20,0,0,0,0,52.82,0,0,0,0
C,57,8L,H,S,50,48,48,0,0,0,0,20,0,0,0,0,52.82,0,0,0,0
C,57,8R,H,S,48,48,48,0,0,0,0,20,0,0,0,0,52.82,0,0,0,0
C,62,5,H,S,1118,12,12,0,0,0,0,8,0,0,0,0,21.128,0,0,0,0
C,62,9,C,S,807,16,16,0,0,0,0,8,0,0,0,0,21.128,0,0,0,0
C,70,2,C,S,284,1,21,0,0,0,0,4,0,0,0,0,10.564,0,0,0,0
C,72,2,C,S,63,54,54,0,0,0,0,12,0,0,0,0,31.692,0,0,0,0
C,72,7,H,S,93,39,39,0,0,0,0,12,0,0,0,0,31.692,0,0,0,0
C,74,1,C,S,78,69,69,0,0,0,0,16,0,0,0,0,42.256,0,0,0,0
C,74,7,H,S,446,34,34,0,0,0,0,16,0,0,0,0,42.256,0,0,0,0
C,79,5,H,S,168,34,34,0,0,0,0,16,0,0,0,0,42.256,0,0,0,0
C,79,9,C,S,187,28,28,0,0,0,0,16,0,0,0,0,42.256,0,0,0,0
C,90,4,H,S,149,43,43,0,0,0,0,16,0,0,0,0,42.256,0,0,0,0
C,90,9,C,S,26,49,49,0,0,0,0,16,0,0,0,0,42.256,0,0,0,0
C,92,8,H,S,185,15,15,0,0,0,0,8,0,0,0,0,21.128,0,0,0,0
C,94,1,C,S,705,42,42,0,0,0,0,20,0,0,0,0,52.82,0,0,0,0
C,106,4,H,S,314,33,33,0,0,0,0,12,0,0,0,0,31.692,0,0,0,0
C,106,9,C,S,767,22,22,0,0,0,0,12,0,0,0,0,31.692,0,0,0,0
C,108,2,H,S,1319,19,19,0,0,0,0,4,0,0,0,0,10.564,0,0,0,0
C,108,8,C,S,174,26,26,0,0,0,0,4,0,0,0,0,10.564,0,0,0,0
C,109,2,H,S,539,23,23,0,0,0,0,12,0,0,0,0,31.692,0,0,0,0
C,109,10,C,S,90,23,23,0,0,0,0,12,0,0,0,0,31.692,0,0,0,0
C,116,4,H,S,1141,6,16,0,0,0,0,4,0,0,0,0,10.564,0,0,0,0
C,116,10,C,S,700,38,38,0,0,0,0,4,0,0,0,0,10.564,0,0,0,0
N,42,3,H,B,23,8,0,8,0,0,0,0,7.95,0,0,0,0,9.78009,0,0,0
N,42,6,C,B,54,6,0,6,0,0,0,0,7.95,0,0,0,0,9.78009,0,0,0
N,46,7,C,B,111,5,0,5,0,0,0,0,2,0,0,0,0,2.4604,0,0,0
N,51,1,H,B,1472,1,0,1,0,0,0,0,1,0,0,0,0,1.2302,0,0,0
N,51,6,C,B,240,1,0,1,0,0,0,0,1,0,0,0,0,1.2302,0,0,0
N,55,4,C,B,105,5,0,5,0,0,0,0,1.5,0,0,0,0,1.8453,0,0,0
N,55,8,H,B,61,4,0,4,0,0,0,0,1.5,0,0,0,0,1.8453,0,0,0
N,60,9,H,B,164,1,0,1,0,0,0,0,2,0,0,0,0,2.4604,0,0,0
N,63,4,H,B,8,9,0,9,0,0,0,0,3.5,0,0,0,0,4.3057,0,0,0
N,75,7,C,B,238,2,0,2,0,0,0,0,1,0,0,0,0,1.2302,0,0,0
N,78,5,H,B,778,5,0,5,0,0,0,0,1,0,0,0,0,1.2302,0,0,0
N,78,10,C,B,98,7,0,7,0,0,0,0,1,0,0,0,0,1.2302,0,0,0
N,89,4,C,B,150,5,0,5,0,0,0,0,3.5,0,0,0,0,4.3057,0,0,0
N,93,1,H,B,1705,2,0,2,0,0,0,0,1.5,0,0,0,0,1.8453,0,0,0
N,104,3,C,B,140,4,0,4,0,0,0,0,3.5,0,0,0,0,4.3057,0,0,0
N,104,7,H,B,2883,0,0,0,0,0,0,0,3.5,0,0,0,0,4.3057,0,0,0
N,107,3,H,B,113,3,0,3,0,0,0,0,2,0,0,0,0,2.4604,0,0,0
N,107,10,C,B,12,1,0,1,0,0,0,0,2,0,0,0,0,2.4604,0,0,0
N,111,9,C,B,184,2,0,2,0,0,0,0,1.5,0,0,0,0,1.8453,0,0,0
N,114,3,C,B,34,17,0,17,0,0,0,0,7.95,0,0,0,0,9.78009,0,0,0
N,114,7,H,B,30,9,0,9,0,0,0,0,7.95,0,0,0,0,9.78009,0,0,0
N,115,2,C,B,26,10,0,10,0,0,0,0,7.95,0,0,0,0,9.78009,0,0,0
N,115,7,H,B,96,6,0,6,0,0,0,0,7.95,0,0,0,0,9.78009,0,0,0
N,41,1,H,C,104,5,0,0,0,5,0,0,0,0,4,0,0,0,0,5.6712,0
N,41,8,C,C,162,6,0,0,0,6,0,0,0,0,4,0,0,0,0,5.6712,0
N,58,3,C,C,80,16,0,0,0,16,0,0,0,0,8,0,0,0,0,11.3424,0
N,61,1,H,C,7,17,0,0,0,17,0,0,0,0,10,0,0,0,0,14.178,0
N,61,8,C,C,85,14,0,0,0,14,0,0,0,0,10,0,0,0,0,14.178,0
N,69,7,C,C,27,3,0,0,0,3,0,0,0,0,4,0,0,0,0,5.6712,0
N,77,4,H,C,27,3,0,0,0,3,0,0,0,0,4,0,0,0,0,5.6712,0
N,77,9,C,C,36,2,0,0,0,2,0,0,0,0,4,0,0,0,0,5.6712,0
N,80,9,C,C,12,6,0,0,0,6,0,0,0,0,8,0,0,0,0,11.3424,0
N,87,7,C,C,35,5,0,0,0,5,0,0,0,0,8,0,0,0,0,11.3424,0
N,96,2,H,C,276,8,0,0,0,8,0,0,0,0,6,0,0,0,0,8.5068,0
N,96,7,C,C,22,8,0,0,0,8,0,0,0,0,6,0,0,0,0,8.5068,0
N,98,6,H,C,20,5,0,0,0,5,0,0,0,0,2,0,0,0,0,2.8356,0
N,103,2,C,C,549,7,0,0,0,7,0,0,0,0,6,0,0,0,0,8.5068,0
N,103,9,H,C,6,11,0,0,0,11,0,0,0,0,6,0,0,0,0,8.5068,0
N,105,2,C,C,284,9,0,0,0,9,0,0,0,0,6,0,0,0,0,8.5068,0
N,105,10,H,C,125,8,0,0,0,8,0,0,0,0,6,0,0,0,0,8.5068,0
N,113,8,H,C,741,0,0,0,0,0,0,0,0,0,2,0,0,0,0,2.8356,0
N,118,10,C,C,183,2,0,0,0,2,0,0,0,0,2,0,0,0,0,2.8356,0
N,120,1,H,C,32,10,0,0,0,10,0,0,0,0,10,0,0,0,0,14.178,0
N,120,8,C,C,15,25,0,0,0,25,0,0,0,0,10,0,0,0,0,14.178,0
N,45,2,H,Focals,6483,0,0,0,0,0,0,0,0,0,0,0,0,0,0,0,0
N,53,3,C,Focals,1494,0,0,0,0,0,0,0,0,0,0,0,0,0,0,0,0
N,53,6,H,Focals,4493,0,0,0,0,0,0,0,0,0,0,0,0,0,0,0,0
N,67,5,H,Focals,5416,0,0,0,0,0,0,0,0,0,0,0,0,0,0,0,0
N,86,2,C,Focals,883,0,0,0,0,0,0,0,0,0,0,0,0,0,0,0,0
N,101,2,H,Focals,4413,0,0,0,0,0,0,0,0,0,0,0,0,0,0,0,0
N,101,10L,C,Focals,1991,0,0,0,0,0,0,0,0,0,0,0,0,0,0,0,0
N,101,10R,C,Focals,2754,0,0,0,0,0,0,0,0,0,0,0,0,0,0,0,0
N,43,5,H,N,606,18,0,0,0,0,18,0,0,0,0,7.5,0,0,0,0,14.7015
N,43,8,C,N,386,29,0,0,0,0,29,0,0,0,0,7.5,0,0,0,0,14.7015
N,47,3,C,N,1064,31,0,0,0,0,31,0,0,0,0,7.5,0,0,0,0,14.7015
N,47,10,H,N,2663,10,0,0,0,0,10,0,0,0,0,7.5,0,0,0,0,14.7015
N,52,5,C,N,502,3,0,0,0,0,3,0,0,0,0,5.5,0,0,0,0,10.7811
N,52,7,H,N,765,7,0,0,0,0,7,0,0,0,0,5.5,0,0,0,0,10.7811
N,54,2,C,N,1204,4,0,0,0,0,4,0,0,0,0,2,0,0,0,0,3.9204
N,54,10,H,N,4765,5,0,0,0,0,5,0,0,0,0,2,0,0,0,0,3.9204
N,56,4,H,N,847,5,0,0,0,0,5,0,0,0,0,5.5,0,0,0,0,10.7811
N,56,9,C,N,171,13,0,0,0,0,13,0,0,0,0,5.5,0,0,0,0,10.7811
N,64,5,C,N,1933,3,0,0,0,0,3,0,0,0,0,2,0,0,0,0,3.9204
N,64,9,H,N,2556,8,0,0,0,0,8,0,0,0,0,2,0,0,0,0,3.9204
N,68,2,H,N,1212,6,0,0,0,0,6,0,0,0,0,5.5,0,0,0,0,10.7811
N,68,10,C,N,804,3,0,0,0,0,3,0,0,0,0,5.5,0,0,0,0,10.7811
N,73,2,C,N,130,32,0,0,0,0,32,0,0,0,0,9.5,0,0,0,0,18.6219
N,73,8,H,N,506,26,0,0,0,0,26,0,0,0,0,9.5,0,0,0,0,18.6219
N,82,5,C,N,2400,8,0,0,0,0,8,0,0,0,0,9.5,0,0,0,0,18.6219
N,82,7,H,N,723,9,0,0,0,0,9,0,0,0,0,9.5,0,0,0,0,18.6219
N,84,4,C,N,2295,0,0,0,0,0,0,0,0,0,0,4,0,0,0,0,7.8408
N,84,7,H,N,5774,5,0,0,0,0,5,0,0,0,0,4,0,0,0,0,7.8408
N,91,4,H,N,2260,8,0,0,0,0,8,0,0,0,0,4,0,0,0,0,7.8408
N,91,9,C,N,2212,7,0,0,0,0,7,0,0,0,0,4,0,0,0,0,7.8408
N,99,3,H,N,1607,21,0,0,0,0,21,0,0,0,0,9.5,0,0,0,0,18.6219
N,99,6,C,N,1449,7,0,0,0,0,7,0,0,0,0,9.5,0,0,0,0,18.6219
N,110,5,C,N,381,1,0,0,0,0,1,0,0,0,0,2,0,0,0,0,3.9204
N,110,7,H,N,2543,3,0,0,0,0,3,0,0,0,0,2,0,0,0,0,3.9204
N,117,2,H,N,5946,1,0,0,0,0,1,0,0,0,0,4,0,0,0,0,7.8408
N,117,8,C,N,531,10,0,0,0,0,10,0,0,0,0,4,0,0,0,0,7.8408
N,119,2,C,N,137,32,0,0,0,0,32,0,0,0,0,7.5,0,0,0,0,14.7015
N,119,9,H,N,155,8,0,0,0,0,8,0,0,0,0,7.5,0,0,0,0,14.7015
N,44,10,C,P,74,96,0,0,96,0,0,0,0,12,0,0,0,0,50,0,0
N,49,1,H,P,110,0,0,0,0,0,0,0,0,16,0,0,0,0,100,0,0
N,49,9,C,P,87,0,0,0,0,0,0,0,0,16,0,0,0,0,100,0,0
N,59,5,C,P,141,0,0,0,0,0,0,0,0,6,0,0,0,0,10,0,0
N,59,6,H,P,176,18,0,0,18,0,0,0,0,6,0,0,0,0,10,0,0
N,66,2,H,P,109,129,0,0,129,0,0,0,0,16,0,0,0,0,100,0,0
N,66,6,C,P,28,144,0,0,144,0,0,0,0,16,0,0,0,0,100,0,0
N,71,5,H,P,339,71,0,0,71,0,0,0,0,8,0,0,0,0,20,0,0
N,76,8,C,P,4,104,0,0,104,0,0,0,0,16,0,0,0,0,100,0,0
N,81,1,H,P,137,68,0,0,68,0,0,0,0,8,0,0,0,0,20,0,0
N,81,7,C,P,9,92,0,0,92,0,0,0,0,8,0,0,0,0,20,0,0
N,83,3,C,P,242,53,0,0,53,0,0,0,0,6,0,0,0,0,10,0,0
N,83,6,H,P,205,24,0,0,24,0,0,0,0,6,0,0,0,0,10,0,0
N,85,5,C,P,94,93,0,0,93,0,0,0,0,12,0,0,0,0,50,0,0
N,85,9,H,P,28,115,0,0,115,0,0,0,0,12,0,0,0,0,50,0,0
N,95,3,H,P,1538,26,0,0,26,0,0,0,0,4,0,0,0,0,5,0,0
N,100,4,H,P,131,47,0,0,47,0,0,0,0,8,0,0,0,0,20,0,0
N,100,9,C,P,410,52,0,0,52,0,0,0,0,8,0,0,0,0,20,0,0
N,102,1,C,P,46,10,0,0,10,0,0,0,0,6,0,0,0,0,10,0,0
N,102,8,H,P,144,44,0,0,44,0,0,0,0,6,0,0,0,0,10,0,0
N,112,5,H,P,177,25,0,0,25,0,0,0,0,4,0,0,0,0,5,0,0
N,112,6,C,P,31,18,0,0,18,0,0,0,0,4,0,0,0,0,5,0,0
N,48,3,H,S,535,32,32,0,0,0,0,8,0,0,0,0,23.46,0,0,0,0
N,48,8,C,S,91,24,24,0,0,0,0,8,0,0,0,0,23.46,0,0,0,0
N,50,7,H,S,72,55,55,0,0,0,0,20,0,0,0,0,58.65,0,0,0,0
N,57,3,H,S,171,81,81,0,0,0,0,20,0,0,0,0,58.65,0,0,0,0
N,62,3,H,S,1742,19,19,0,0,0,0,8,0,0,0,0,23.46,0,0,0,0
N,62,7,C,S,96,7,7,0,0,0,0,8,0,0,0,0,23.46,0,0,0,0
N,70,1,H,S,1135,8,8,0,0,0,0,4,0,0,0,0,11.73,0,0,0,0
N,70,8,C,S,1531,7,7,0,0,0,0,4,0,0,0,0,11.73,0,0,0,0
N,72,4,H,S,372,54,54,0,0,0,0,12,0,0,0,0,35.19,0,0,0,0
N,72,9,C,S,163,18,18,0,0,0,0,12,0,0,0,0,35.19,0,0,0,0
N,74,3,C,S,73,43,43,0,0,0,0,16,0,0,0,0,46.92,0,0,0,0
N,74,6,H,S,427,35,35,0,0,0,0,16,0,0,0,0,46.92,0,0,0,0
N,79,10,C,S,16,51,51,0,0,0,0,16,0,0,0,0,46.92,0,0,0,0
N,92,5,H,S,169,23,23,0,0,0,0,8,0,0,0,0,23.46,0,0,0,0
N,92,6,C,S,632,26,26,0,0,0,0,8,0,0,0,0,23.46,0,0,0,0
N,94,6,H,S,31,46,46,0,0,0,0,20,0,0,0,0,58.65,0,0,0,0
N,106,1,C,S,54,31,31,0,0,0,0,12,0,0,0,0,35.19,0,0,0,0
N,106,6,H,S,66,42,42,0,0,0,0,12,0,0,0,0,35.19,0,0,0,0
N,108,5,C,S,360,22,22,0,0,0,0,4,0,0,0,0,11.73,0,0,0,0
N,108,7,H,S,18,34,34,0,0,0,0,4,0,0,0,0,11.73,0,0,0,0
N,116,1,C,S,342,4,4,0,0,0,0,4,0,0,0,0,11.73,0,0,0,0
N,116,9,H,S,63,19,19,0,0,0,0,4,0,0,0,0,11.73,0,0,0,0